scale,job,executors,runs,median,min,max,spread,speedup,efficiency,karp_flatt,startup_median,compute_median,gap_median,gc_median,input_bytes,cpu_busy_median,cpu_iowait_median,minio_cpu_peak_median,task_retries
1x,silver,1,1,337.056,337.056,337.056,0.0,1.0,1.0,,6.998,325.714,14.367,1.793,4248239109,11.4,2.0,141,0
1x,silver,2,3,224.366,215.545,235.489,0.08889047360116958,1.502259700667659,0.7511298503338295,0.33132773189024967,8.999,210.986,14.134,2.091,4248240918,18.2,3.3,218,0
1x,silver,4,3,206.776,204.254,420.967,1.048056834448872,1.6300537780013153,0.40751344450032884,0.48463558973385235,14.361,188.471,20.091,3.663,4248173222,28.1,7.0,242,0
1x,gold,1,3,78.639,77.371,80.537,0.04025992192169294,1.0,1.0,,7.333,67.174,12.202,1.039,226873970,14.8,2.1,214,0
1x,gold,2,3,74.523,71.385,76.354,0.06667740160755732,1.0552312708828147,0.5276156354414073,0.8953191164689278,8.554,62.603,11.903,1.865,226883834,22.7,2.0,198,0
1x,gold,4,3,85.816,85.073,89.522,0.05184347907150196,0.9163675771417916,0.2290918942854479,1.1216868644480902,13.927,68.111,13.295,4.265,226900358,32.2,2.8,230,0
1x,publish,1,3,69.289,62.908,72.787,0.14257674378328458,1.0,1.0,,6.847,59.088,12.798,0.226,6473291,8.3,1.7,32,0
1x,publish,2,3,76.965,74.307,77.885,0.046488663678295364,0.900266354836614,0.450133177418307,1.2215647505376035,9.854,63.408,12.221,0.497,6473291,11.1,1.7,30,0
1x,publish,4,3,87.244,83.805,88.947,0.05893815047453115,0.7941978818027601,0.19854947045069002,1.3455093882145794,14.517,68.738,11.255,1.211,6473291,15.6,2.1,22,0
2x,silver,1,0,,,,,,,,,,,,,,,,0
2x,silver,2,1,382.986,382.986,382.986,0.0,,,,8.847,369.691,14.31,4.791,8311171320,18.0,3.1,298,0
2x,silver,4,2,742.112,405.309,1078.915,0.9076877883661766,,,,12.9435,722.2909999999999,101.5205,23.6905,8311171308.0,22.950000000000003,4.55,392.5,1
2x,gold,1,3,115.042,113.514,121.315,0.06781001721110552,1.0,1.0,,7.026,104.082,11.678,1.301,451268988,13.1,3.0,243,0
2x,gold,2,3,102.47,102.392,104.306,0.01867863765004393,1.1226895676783448,0.5613447838391724,0.7814363449870483,9.819,89.353,11.586,2.159,451296410,19.0,3.5,256,0
2x,gold,4,3,109.1,107.459,109.505,0.018753437213565465,1.0544637946837765,0.2636159486709441,0.9311323980227509,13.901,91.795,12.985,4.495,451524278,29.3,2.8,245,0
2x,publish,1,3,121.099,116.52,137.917,0.1766901460788281,1.0,1.0,,9.167,108.694,20.475,0.275,13562248,8.3,3.2,38,0
2x,publish,2,3,125.973,117.601,128.589,0.08722504028641058,0.9613091694251943,0.48065458471259714,1.080496123006796,9.906,109.757,20.148,0.573,13562248,8.6,2.0,55,0
2x,publish,4,3,141.916,136.648,164.261,0.1945728459088475,0.853314636827419,0.21332865920685476,1.2292009017415504,14.57,120.493,21.265,1.241,13562248,11.2,2.2,30,0
4x,silver,1,0,,,,,,,,,,,,,,,,0
4x,silver,2,0,,,,,,,,,,,,,,,,0
4x,silver,4,1,1125.149,1125.149,1125.149,0.0,,,,20.106,1098.614,142.042,33.96,16562701984,19.8,6.9,386,0
4x,gold,1,3,302.402,268.121,384.363,0.38439560584916777,1.0,1.0,,9.253,288.246,13.154,1.938,907415517,8.7,4.3,202,0
4x,gold,2,2,280.1775,279.452,280.903,0.005178859829929319,1.0793229292145157,0.5396614646072578,0.8530135382702497,13.984,262.2545,16.6735,3.2885,907495716.0,11.15,8.350000000000001,238.0,0
4x,gold,4,3,257.635,196.732,258.957,0.24152386127661224,1.1737613290119744,0.2934403322529936,0.8026159438980782,17.347,235.039,19.673,8.392,907763393,18.5,10.0,255,0
4x,publish,1,3,61.128,60.588,61.294,0.011549535401125442,1.0,1.0,,7.215,49.959,7.637,0.272,27137819,11.2,3.4,54,0
4x,publish,2,3,62.152,58.73,62.204,0.05589522461063206,0.9835242630969236,0.4917621315484618,1.0335034681324435,9.116,49.516,7.876,0.524,27137819,13.8,4.1,58,0
4x,publish,4,3,69.822,68.387,71.222,0.0406032482598607,0.8754833720030936,0.2188708430007734,1.1896348645465256,12.947,53.462,8.212,1.271,27137819,19.2,4.2,67,0
